{
    "metrics": {
        "checks{service_id:keycloak}": {
            "passes": 1734,
            "fails": 0,
            "thresholds": {
                "rate>0.99": false
            },
            "value": 1
        },
        "http_req_blocked": {
            "p(95)": 0.00800475,
            "avg": 0.01668999488163789,
            "min": 0.00012,
            "med": 0.000431,
            "max": 18.94777,
            "p(90)": 0.007159
        },
        "http_req_receiving": {
            "min": 0.012333,
            "med": 0.077241,
            "max": 4.814117,
            "p(90)": 0.141517,
            "p(95)": 0.17104049999999998,
            "avg": 0.09436170729366586
        },
        "http_req_failed{service_id:openfga}": {
            "fails": 1392,
            "passes": 0,
            "thresholds": {
                "rate<=0.01": false
            },
            "value": 0
        },
        "data_sent": {
            "count": 270822,
            "rate": 692.6373159636361
        },
        "http_req_failed": {
            "fails": 3126,
            "passes": 0,
            "value": 0
        },
        "http_req_duration{expected_response:true}": {
            "p(95)": 7.6691199999999995,
            "avg": 3.3442224923224564,
            "min": 0.526615,
            "med": 2.7010845000000003,
            "max": 35.630874,
            "p(90)": 6.2830365
        },
        "http_req_waiting": {
            "med": 2.5262789999999997,
            "max": 35.492042,
            "p(90)": 6.059494,
            "p(95)": 7.4941724999999995,
            "avg": 3.1870169574536162,
            "min": 0.486749
        },
        "vus": {
            "min": 1,
            "max": 9,
            "value": 1
        },
        "data_received": {
            "count": 12658407,
            "rate": 32374.34569147005
        },
        "lv3_successful_requests": {
            "count": 3126,
            "rate": 7.994861014623355
        },
        "http_reqs": {
            "count": 3126,
            "rate": 7.994861014623355
        },
        "http_req_tls_handshaking": {
            "min": 0,
            "med": 0,
            "max": 18.217622,
            "p(90)": 0,
            "p(95)": 0,
            "avg": 0.011295001919385797
        },
        "iteration_duration": {
            "p(90)": 1007.2510275,
            "p(95)": 1008.7152685,
            "avg": 1004.2036471439512,
            "min": 1000.7007,
            "med": 1003.5638690000001,
            "max": 1036.227429
        },
        "http_req_connecting": {
            "avg": 0.001928753358925144,
            "min": 0,
            "med": 0,
            "max": 1.547271,
            "p(90)": 0,
            "p(95)": 0
        },
        "vus_max": {
            "value": 9,
            "min": 9,
            "max": 9
        },
        "http_req_duration": {
            "p(90)": 6.2830365,
            "p(95)": 7.6691199999999995,
            "avg": 3.3442224923224564,
            "min": 0.526615,
            "med": 2.7010845000000003,
            "max": 35.630874
        },
        "http_req_sending": {
            "avg": 0.06284382757517587,
            "min": 0.006111,
            "med": 0.06318399999999999,
            "max": 0.618998,
            "p(90)": 0.1127325,
            "p(95)": 0.12717774999999998
        },
        "http_req_duration{service_id:openfga}": {
            "med": 1.578851,
            "max": 35.630874,
            "p(90)": 4.414971400000001,
            "p(95)": 5.790530650000001,
            "avg": 2.2285226321839082,
            "min": 0.526615,
            "thresholds": {
                "p(95)<=500": false
            }
        },
        "http_req_failed{service_id:keycloak}": {
            "passes": 0,
            "fails": 1734,
            "thresholds": {
                "rate<=0.01": false
            },
            "value": 0
        },
        "checks": {
            "passes": 3126,
            "fails": 0,
            "value": 1
        },
        "http_req_duration{service_id:keycloak}": {
            "avg": 4.239870822952703,
            "min": 1.179687,
            "med": 3.4938165000000003,
            "max": 32.013786,
            "p(90)": 7.117439700000001,
            "p(95)": 8.690667749999998,
            "thresholds": {
                "p(95)<=500": false
            }
        },
        "checks{service_id:openfga}": {
            "passes": 1392,
            "fails": 0,
            "thresholds": {
                "rate>0.99": false
            },
            "value": 1
        },
        "iterations": {
            "count": 3126,
            "rate": 7.994861014623355
        }
    },
    "root_group": {
        "name": "",
        "path": "",
        "id": "d41d8cd98f00b204e9800998ecf8427e",
        "groups": {},
        "checks": {
                "openfga expected status": {
                    "name": "openfga expected status",
                    "path": "::openfga expected status",
                    "id": "78576fba45c6cc6aec72abfd9eec532b",
                    "passes": 1392,
                    "fails": 0
                },
                "keycloak expected status": {
                    "name": "keycloak expected status",
                    "path": "::keycloak expected status",
                    "id": "d17b7c4e1e8183ed6ca6932c881f393f",
                    "passes": 1734,
                    "fails": 0
                }
            }
    }
}
