{
    "metrics": {
        "checks": {
            "passes": 224,
            "fails": 0,
            "value": 1
        },
        "http_req_connecting": {
            "avg": 1.2122687901785714,
            "min": 0,
            "med": 0,
            "max": 68.308792,
            "p(90)": 0,
            "p(95)": 0
        },
        "http_req_sending": {
            "avg": 0.37243843750000016,
            "min": 0.004375,
            "med": 0.049104,
            "max": 24.950208,
            "p(90)": 0.11822050000000009,
            "p(95)": 0.15933924999999993
        },
        "http_req_duration": {
            "avg": 70.63739546875001,
            "min": 65.105709,
            "med": 67.9637705,
            "max": 133.630125,
            "p(90)": 74.8731918,
            "p(95)": 79.78678475
        },
        "http_req_blocked": {
            "avg": 3.9879525223214185,
            "min": 0.000208,
            "med": 0.0021460000000000003,
            "max": 373.2345,
            "p(90)": 0.0093624,
            "p(95)": 0.01034365
        },
        "http_req_duration{service_id:openfga}": {
            "max": 133.630125,
            "p(90)": 72.2731378,
            "p(95)": 76.59786439999995,
            "avg": 69.35438283035715,
            "min": 65.105709,
            "med": 67.104,
            "thresholds": {
                "p(95)<=500": false
            }
        },
        "lv3_successful_requests": {
            "count": 224,
            "rate": 3.695997455265096
        },
        "http_req_duration{service_id:keycloak}": {
            "avg": 71.92040810714285,
            "min": 66.008625,
            "med": 69.058521,
            "max": 128.047584,
            "p(90)": 76.2790172,
            "p(95)": 86.1594411499999,
            "thresholds": {
                "p(95)<=500": false
            }
        },
        "http_req_failed{service_id:openfga}": {
            "passes": 0,
            "fails": 112,
            "thresholds": {
                "rate<=0.01": false
            },
            "value": 0
        },
        "http_reqs": {
            "count": 224,
            "rate": 3.695997455265096
        },
        "vus": {
            "value": 4,
            "min": 4,
            "max": 4
        },
        "http_req_tls_handshaking": {
            "p(95)": 0,
            "avg": 1.9143389151785715,
            "min": 0,
            "med": 0,
            "max": 225.118583,
            "p(90)": 0
        },
        "iteration_duration": {
            "avg": 1077.619437410714,
            "min": 1066.259209,
            "med": 1069.6013134999998,
            "max": 1541.727417,
            "p(90)": 1077.4116179,
            "p(95)": 1082.6565045
        },
        "checks{service_id:openfga}": {
            "passes": 112,
            "fails": 0,
            "thresholds": {
                "rate>0.99": false
            },
            "value": 1
        },
        "http_req_failed": {
            "passes": 0,
            "fails": 224,
            "value": 0
        },
        "http_req_receiving": {
            "avg": 0.3991577232142854,
            "min": 0.013583,
            "med": 0.1218745,
            "max": 13.715084,
            "p(90)": 0.34262040000000077,
            "p(95)": 1.1530598999999986
        },
        "vus_max": {
            "max": 4,
            "value": 4,
            "min": 4
        },
        "http_req_waiting": {
            "max": 127.880834,
            "p(90)": 73.7786839,
            "p(95)": 78.41667235,
            "avg": 69.86579930803572,
            "min": 65.0175,
            "med": 67.721104
        },
        "data_received": {
            "count": 828567,
            "rate": 13671.346087127835
        },
        "iterations": {
            "count": 224,
            "rate": 3.695997455265096
        },
        "checks{service_id:keycloak}": {
            "passes": 112,
            "fails": 0,
            "thresholds": {
                "rate>0.99": false
            },
            "value": 1
        },
        "http_req_duration{expected_response:true}": {
            "avg": 70.63739546875001,
            "min": 65.105709,
            "med": 67.9637705,
            "max": 133.630125,
            "p(90)": 74.8731918,
            "p(95)": 79.78678475
        },
        "data_sent": {
            "count": 22513,
            "rate": 371.4642442427817
        },
        "http_req_failed{service_id:keycloak}": {
            "passes": 0,
            "fails": 112,
            "thresholds": {
                "rate<=0.01": false
            },
            "value": 0
        }
    },
    "root_group": {
        "id": "d41d8cd98f00b204e9800998ecf8427e",
        "groups": {},
        "checks": {
                "openfga expected status": {
                    "name": "openfga expected status",
                    "path": "::openfga expected status",
                    "id": "78576fba45c6cc6aec72abfd9eec532b",
                    "passes": 112,
                    "fails": 0
                },
                "keycloak expected status": {
                    "name": "keycloak expected status",
                    "path": "::keycloak expected status",
                    "id": "d17b7c4e1e8183ed6ca6932c881f393f",
                    "passes": 112,
                    "fails": 0
                }
            },
        "name": "",
        "path": ""
    }
}
