{
    "root_group": {
        "id": "d41d8cd98f00b204e9800998ecf8427e",
        "groups": {},
        "checks": {
                "openfga expected status": {
                    "id": "78576fba45c6cc6aec72abfd9eec532b",
                    "passes": 1176,
                    "fails": 8,
                    "name": "openfga expected status",
                    "path": "::openfga expected status"
                },
                "keycloak expected status": {
                    "name": "keycloak expected status",
                    "path": "::keycloak expected status",
                    "id": "d17b7c4e1e8183ed6ca6932c881f393f",
                    "passes": 1144,
                    "fails": 441
                }
            },
        "name": "",
        "path": ""
    },
    "metrics": {
        "http_reqs": {
            "count": 2769,
            "rate": 7.086612992079832
        },
        "http_req_failed{service_id:keycloak}": {
            "passes": 441,
            "fails": 1144,
            "thresholds": {
                "rate<=0.01": true
            },
            "value": 0.2782334384858044
        },
        "http_req_duration{service_id:keycloak}": {
            "avg": 95.26584871924298,
            "min": 64.660958,
            "med": 79.633375,
            "max": 4321.449335,
            "p(90)": 94.1423082,
            "p(95)": 104.89529979999999,
            "thresholds": {
                "p(95)<=500": false
            }
        },
        "checks": {
            "passes": 2320,
            "fails": 449,
            "value": 0.8378475984109787
        },
        "http_req_duration{service_id:openfga}": {
            "max": 98.884083,
            "p(90)": 81.3082373,
            "p(95)": 83.68629729999999,
            "avg": 75.90755059628385,
            "min": 0,
            "med": 76.0881665,
            "thresholds": {
                "p(95)<=500": false
            }
        },
        "vus": {
            "value": 2,
            "min": 2,
            "max": 9
        },
        "vus_max": {
            "value": 9,
            "min": 9,
            "max": 9
        },
        "iteration_duration": {
            "min": 1065.69725,
            "med": 1081.493417,
            "max": 11009.410505,
            "p(90)": 1093.5648588,
            "p(95)": 1101.8784088,
            "avg": 1133.5924780064986
        },
        "checks{service_id:keycloak}": {
            "passes": 1144,
            "fails": 441,
            "thresholds": {
                "rate>0.99": true
            },
            "value": 0.7217665615141956
        },
        "http_req_failed{service_id:openfga}": {
            "passes": 8,
            "fails": 1176,
            "thresholds": {
                "rate<=0.01": false
            },
            "value": 0.006756756756756757
        },
        "iterations": {
            "count": 2769,
            "rate": 7.086612992079832
        },
        "data_sent": {
            "count": 219200,
            "rate": 560.9915376901045
        },
        "lv3_failed_requests": {
            "count": 449,
            "rate": 1.1491113157977049
        },
        "data_received": {
            "count": 8748002,
            "rate": 22388.48126686181
        },
        "http_req_failed": {
            "passes": 449,
            "fails": 2320,
            "value": 0.1621524015890213
        },
        "http_req_waiting": {
            "p(90)": 87.35212520000002,
            "p(95)": 96.0778,
            "avg": 86.46626213615028,
            "min": 0,
            "med": 77.346291,
            "max": 4320.160418
        },
        "http_req_duration{expected_response:true}": {
            "min": 65.065333,
            "med": 78.32356250000001,
            "max": 4321.449335,
            "p(90)": 89.9220167,
            "p(95)": 99.10621589999998,
            "avg": 89.59242795862069
        },
        "http_req_receiving": {
            "avg": 0.3337416323582526,
            "min": 0,
            "med": 0.228708,
            "max": 10.471167,
            "p(90)": 0.5440168000000001,
            "p(95)": 0.7161085999999999
        },
        "lv3_successful_requests": {
            "count": 2320,
            "rate": 5.937501676282127
        },
        "http_req_blocked": {
            "p(90)": 0.021933600000000022,
            "p(95)": 0.036008599999999974,
            "avg": 14.208097106175558,
            "min": 0,
            "med": 0.003084,
            "max": 9516.05849
        },
        "http_req_connecting": {
            "med": 0,
            "max": 9515.791866,
            "p(90)": 0,
            "p(95)": 0,
            "avg": 13.996697486457203,
            "min": 0
        },
        "http_req_duration": {
            "med": 77.780833,
            "max": 4321.449335,
            "p(90)": 88.0972828,
            "p(95)": 96.82809999999999,
            "avg": 86.98841102419658,
            "min": 0
        },
        "http_req_tls_handshaking": {
            "min": 0,
            "med": 0,
            "max": 106.303,
            "p(90)": 0,
            "p(95)": 0,
            "avg": 0.1581483084145901
        },
        "http_req_sending": {
            "min": 0,
            "med": 0.117416,
            "max": 7.674959,
            "p(90)": 0.3407254000000004,
            "p(95)": 0.4635665999999998,
            "avg": 0.188407255687974
        },
        "checks{service_id:openfga}": {
            "passes": 1176,
            "fails": 8,
            "thresholds": {
                "rate>0.99": false
            },
            "value": 0.9932432432432432
        }
    }
}
