{
    "root_group": {
        "checks": {
            "openfga expected status": {
                "name": "openfga expected status",
                "path": "::openfga expected status",
                "id": "78576fba45c6cc6aec72abfd9eec532b",
                "passes": 120,
                "fails": 0
            },
            "keycloak expected status": {
                "path": "::keycloak expected status",
                "id": "d17b7c4e1e8183ed6ca6932c881f393f",
                "passes": 120,
                "fails": 0,
                "name": "keycloak expected status"
            }
        },
        "name": "",
        "path": "",
        "id": "d41d8cd98f00b204e9800998ecf8427e",
        "groups": {}
    },
    "metrics": {
        "http_req_blocked": {
            "p(95)": 0.0071744999999999995,
            "avg": 0.07544945416666661,
            "min": 0.000191,
            "med": 0.0023495,
            "max": 8.110542,
            "p(90)": 0.0064730000000000005
        },
        "iterations": {
            "count": 240,
            "rate": 3.980106482789071
        },
        "http_req_receiving": {
            "avg": 0.06861662500000001,
            "min": 0.011532,
            "med": 0.0599185,
            "max": 0.238461,
            "p(90)": 0.1166561,
            "p(95)": 0.1399585499999999
        },
        "http_req_duration{expected_response:true}": {
            "max": 10.901651,
            "p(90)": 6.134181299999999,
            "p(95)": 7.701050449999997,
            "avg": 2.932549320833333,
            "min": 0.565938,
            "med": 2.461427
        },
        "http_req_sending": {
            "avg": 0.04902047083333332,
            "min": 0.006333,
            "med": 0.0329315,
            "max": 0.742662,
            "p(90)": 0.08708129999999999,
            "p(95)": 0.09833984999999994
        },
        "http_req_waiting": {
            "min": 0.541261,
            "med": 2.329818,
            "max": 10.765865,
            "p(90)": 5.989209399999998,
            "p(95)": 7.652008449999998,
            "avg": 2.8149122249999974
        },
        "vus_max": {
            "min": 4,
            "max": 4,
            "value": 4
        },
        "http_req_duration": {
            "avg": 2.932549320833333,
            "min": 0.565938,
            "med": 2.461427,
            "max": 10.901651,
            "p(90)": 6.134181299999999,
            "p(95)": 7.701050449999997
        },
        "http_req_failed{service_id:keycloak}": {
            "fails": 120,
            "passes": 0,
            "thresholds": {
                "rate<=0.01": false
            },
            "value": 0
        },
        "http_req_duration{service_id:openfga}": {
            "avg": 1.8597732583333335,
            "min": 0.565938,
            "med": 1.3526885,
            "max": 10.325033,
            "p(90)": 2.5831078000000005,
            "p(95)": 6.249543549999999,
            "thresholds": {
                "p(95)<=500": false
            }
        },
        "http_req_failed": {
            "passes": 0,
            "fails": 240,
            "value": 0
        },
        "vus": {
            "value": 4,
            "min": 4,
            "max": 4
        },
        "http_reqs": {
            "rate": 3.980106482789071,
            "count": 240
        },
        "http_req_tls_handshaking": {
            "avg": 0.05788975416666666,
            "min": 0,
            "med": 0,
            "max": 7.064798,
            "p(90)": 0,
            "p(95)": 0
        },
        "http_req_failed{service_id:openfga}": {
            "passes": 0,
            "fails": 120,
            "thresholds": {
                "rate<=0.01": false
            },
            "value": 0
        },
        "checks{service_id:openfga}": {
            "passes": 120,
            "fails": 0,
            "thresholds": {
                "rate>0.99": false
            },
            "value": 1
        },
        "lv3_successful_requests": {
            "count": 240,
            "rate": 3.980106482789071
        },
        "data_sent": {
            "count": 23871,
            "rate": 395.871341044408
        },
        "iteration_duration": {
            "max": 1013.189579,
            "p(90)": 1007.3104941,
            "p(95)": 1008.766024,
            "avg": 1003.7880744416667,
            "min": 1000.669132,
            "med": 1003.1991645
        },
        "checks": {
            "passes": 240,
            "fails": 0,
            "value": 1
        },
        "http_req_connecting": {
            "max": 0.53983,
            "p(90)": 0,
            "p(95)": 0,
            "avg": 0.008785712499999999,
            "min": 0,
            "med": 0
        },
        "data_received": {
            "count": 887086,
            "rate": 14711.23641413094
        },
        "checks{service_id:keycloak}": {
            "passes": 120,
            "fails": 0,
            "thresholds": {
                "rate>0.99": false
            },
            "value": 1
        },
        "http_req_duration{service_id:keycloak}": {
            "avg": 4.005325383333335,
            "min": 1.484282,
            "med": 3.1552670000000003,
            "max": 10.901651,
            "p(90)": 6.9966218000000024,
            "p(95)": 8.154111999999998,
            "thresholds": {
                "p(95)<=500": false
            }
        }
    }
}
