{
    "metrics": {
        "data_sent": {
            "count": 29318,
            "rate": 482.4522734013252
        },
        "data_received": {
            "rate": 13707.038788460824,
            "count": 832959
        },
        "checks{service_id:openfga}": {
            "passes": 112,
            "fails": 0,
            "thresholds": {
                "rate>0.99": false
            },
            "value": 1
        },
        "http_req_sending": {
            "avg": 0.3438388243243244,
            "min": 0.004792,
            "med": 0.0957915,
            "max": 8.358291,
            "p(90)": 0.3882586,
            "p(95)": 1.0656377999999995
        },
        "http_req_waiting": {
            "avg": 81.0539551486487,
            "min": 72.565916,
            "med": 80.6334165,
            "max": 115.166417,
            "p(90)": 87.2240452,
            "p(95)": 90.89669165
        },
        "http_req_duration{expected_response:true}": {
            "med": 81.10231250000001,
            "max": 149.608708,
            "p(90)": 88.78231670000001,
            "p(95)": 92.95799645000001,
            "avg": 81.93701695045048,
            "min": 72.670625
        },
        "vus": {
            "value": 4,
            "min": 4,
            "max": 4
        },
        "checks": {
            "passes": 222,
            "fails": 0,
            "value": 1
        },
        "http_req_connecting": {
            "avg": 2.7755934684684687,
            "min": 0,
            "med": 0,
            "max": 78.95975,
            "p(90)": 0,
            "p(95)": 0
        },
        "http_req_failed{service_id:keycloak}": {
            "passes": 0,
            "fails": 110,
            "thresholds": {
                "rate<=0.01": false
            },
            "value": 0
        },
        "checks{service_id:keycloak}": {
            "passes": 110,
            "fails": 0,
            "thresholds": {
                "rate>0.99": false
            },
            "value": 1
        },
        "http_req_duration{service_id:openfga}": {
            "avg": 78.35179433928572,
            "min": 72.670625,
            "med": 77.3690205,
            "max": 89.1385,
            "p(90)": 83.1360167,
            "p(95)": 84.37935404999999,
            "thresholds": {
                "p(95)<=500": false
            }
        },
        "http_req_blocked": {
            "p(95)": 0.12203749999999916,
            "avg": 5.591101540540543,
            "min": 0.000916,
            "med": 0.0052499999999999995,
            "max": 208.072417,
            "p(90)": 0.02651220000000001
        },
        "http_req_failed": {
            "passes": 0,
            "fails": 222,
            "value": 0
        },
        "iterations": {
            "count": 222,
            "rate": 3.653196148956075
        },
        "http_reqs": {
            "count": 222,
            "rate": 3.653196148956075
        },
        "http_req_failed{service_id:openfga}": {
            "passes": 0,
            "fails": 112,
            "thresholds": {
                "rate<=0.01": false
            },
            "value": 0
        },
        "http_req_tls_handshaking": {
            "avg": 2.518400900900901,
            "min": 0,
            "med": 0,
            "max": 111.657166,
            "p(90)": 0,
            "p(95)": 0
        },
        "http_req_receiving": {
            "avg": 0.5392229774774777,
            "min": 0.028958,
            "med": 0.19631300000000002,
            "max": 50.119292,
            "p(90)": 0.5847000000000001,
            "p(95)": 1.0453749999999988
        },
        "lv3_successful_requests": {
            "count": 222,
            "rate": 3.653196148956075
        },
        "vus_max": {
            "min": 4,
            "max": 4,
            "value": 4
        },
        "iteration_duration": {
            "max": 1386.584875,
            "p(90)": 1096.4786545000002,
            "p(95)": 1099.30813955,
            "avg": 1092.1176577792792,
            "min": 1074.556459,
            "med": 1085.1002294999998
        },
        "http_req_duration{service_id:keycloak}": {
            "avg": 85.58742542727272,
            "min": 76.169334,
            "med": 84.118896,
            "max": 149.608708,
            "p(90)": 92.9675131,
            "p(95)": 95.03224595,
            "thresholds": {
                "p(95)<=500": false
            }
        },
        "http_req_duration": {
            "max": 149.608708,
            "p(90)": 88.78231670000001,
            "p(95)": 92.95799645000001,
            "avg": 81.93701695045048,
            "min": 72.670625,
            "med": 81.10231250000001
        }
    },
    "root_group": {
        "name": "",
        "path": "",
        "id": "d41d8cd98f00b204e9800998ecf8427e",
        "groups": {},
        "checks": {
                "openfga expected status": {
                    "id": "78576fba45c6cc6aec72abfd9eec532b",
                    "passes": 112,
                    "fails": 0,
                    "name": "openfga expected status",
                    "path": "::openfga expected status"
                },
                "keycloak expected status": {
                    "id": "d17b7c4e1e8183ed6ca6932c881f393f",
                    "passes": 110,
                    "fails": 0,
                    "name": "keycloak expected status",
                    "path": "::keycloak expected status"
                }
            }
    }
}
