{
    "root_group": {
        "groups": {},
        "checks": {
                "openfga expected status": {
                    "name": "openfga expected status",
                    "path": "::openfga expected status",
                    "id": "78576fba45c6cc6aec72abfd9eec532b",
                    "passes": 112,
                    "fails": 0
                },
                "keycloak expected status": {
                    "passes": 0,
                    "fails": 110,
                    "name": "keycloak expected status",
                    "path": "::keycloak expected status",
                    "id": "d17b7c4e1e8183ed6ca6932c881f393f"
                }
            },
        "name": "",
        "path": "",
        "id": "d41d8cd98f00b204e9800998ecf8427e"
    },
    "metrics": {
        "http_req_receiving": {
            "avg": 0.3050809369369372,
            "min": 0.027834,
            "med": 0.171125,
            "max": 5.043583,
            "p(90)": 0.5496836,
            "p(95)": 0.7314577
        },
        "vus": {
            "value": 4,
            "min": 4,
            "max": 4
        },
        "http_req_duration{service_id:keycloak}": {
            "med": 78.056604,
            "max": 84.979541,
            "p(90)": 82.2257839,
            "p(95)": 83.36233155,
            "avg": 78.61506294545455,
            "min": 75.232542,
            "thresholds": {
                "p(95)<=500": false
            }
        },
        "iteration_duration": {
            "min": 1075.052917,
            "med": 1083.2060005,
            "max": 1553.835376,
            "p(90)": 1089.692009,
            "p(95)": 1092.8392191,
            "avg": 1088.884490527027
        },
        "http_req_duration": {
            "med": 77.755042,
            "max": 93.639209,
            "p(90)": 82.9186423,
            "p(95)": 84.96677085,
            "avg": 78.51383885585582,
            "min": 73.664417
        },
        "http_req_failed{service_id:keycloak}": {
            "passes": 110,
            "fails": 0,
            "thresholds": {
                "rate<=0.01": true
            },
            "value": 1
        },
        "http_req_duration{expected_response:true}": {
            "med": 76.96852100000001,
            "max": 93.639209,
            "p(90)": 84.302242,
            "p(95)": 87.52032105,
            "avg": 78.41442233928572,
            "min": 73.664417
        },
        "http_req_blocked": {
            "avg": 4.755195738738743,
            "min": 0.000375,
            "med": 0.0061665,
            "max": 445.10275,
            "p(90)": 0.0402878,
            "p(95)": 0.045454199999999986
        },
        "http_req_sending": {
            "avg": 0.24199479729729725,
            "min": 0.005,
            "med": 0.09572900000000001,
            "max": 7.235875,
            "p(90)": 0.3379794,
            "p(95)": 0.4727437499999998
        },
        "data_received": {
            "count": 113083,
            "rate": 1858.3683078377323
        },
        "checks{service_id:openfga}": {
            "passes": 112,
            "fails": 0,
            "thresholds": {
                "rate>0.99": false
            },
            "value": 1
        },
        "http_req_failed": {
            "passes": 110,
            "fails": 112,
            "value": 0.4954954954954955
        },
        "data_sent": {
            "count": 16850,
            "rate": 276.9072803787111
        },
        "http_req_failed{service_id:openfga}": {
            "fails": 112,
            "passes": 0,
            "thresholds": {
                "rate<=0.01": false
            },
            "value": 0
        },
        "http_reqs": {
            "count": 222,
            "rate": 3.648273961072633
        },
        "http_req_waiting": {
            "avg": 77.9667631216216,
            "min": 73.426959,
            "med": 77.3198335,
            "max": 89.840917,
            "p(90)": 81.7011291,
            "p(95)": 84.50266214999999
        },
        "http_req_tls_handshaking": {
            "max": 114.595167,
            "p(90)": 0,
            "p(95)": 0,
            "avg": 1.026656720720721,
            "min": 0,
            "med": 0
        },
        "iterations": {
            "count": 222,
            "rate": 3.648273961072633
        },
        "http_req_duration{service_id:openfga}": {
            "p(95)": 87.52032105,
            "avg": 78.41442233928572,
            "min": 73.664417,
            "med": 76.96852100000001,
            "max": 93.639209,
            "p(90)": 84.302242,
            "thresholds": {
                "p(95)<=500": false
            }
        },
        "lv3_failed_requests": {
            "count": 110,
            "rate": 1.8077033140449985
        },
        "checks": {
            "passes": 112,
            "fails": 110,
            "value": 0.5045045045045045
        },
        "lv3_successful_requests": {
            "count": 112,
            "rate": 1.8405706470276348
        },
        "checks{service_id:keycloak}": {
            "passes": 0,
            "fails": 110,
            "thresholds": {
                "rate>0.99": true
            },
            "value": 0
        },
        "http_req_connecting": {
            "avg": 1.3790497387387388,
            "min": 0,
            "med": 0,
            "max": 77.737167,
            "p(90)": 0,
            "p(95)": 0
        },
        "vus_max": {
            "min": 4,
            "max": 4,
            "value": 4
        }
    }
}
