{
    "root_group": {
        "id": "d41d8cd98f00b204e9800998ecf8427e",
        "groups": {},
        "checks": {
                "keycloak expected status": {
                    "id": "d17b7c4e1e8183ed6ca6932c881f393f",
                    "passes": 24,
                    "fails": 82,
                    "name": "keycloak expected status",
                    "path": "::keycloak expected status"
                },
                "openfga expected status": {
                    "fails": 12,
                    "name": "openfga expected status",
                    "path": "::openfga expected status",
                    "id": "78576fba45c6cc6aec72abfd9eec532b",
                    "passes": 0
                }
            },
        "name": "",
        "path": ""
    },
    "metrics": {
        "vus": {
            "value": 2,
            "min": 2,
            "max": 4
        },
        "checks": {
            "passes": 24,
            "fails": 94,
            "value": 0.2033898305084746
        },
        "http_req_duration": {
            "avg": 120.93395896610171,
            "min": 0,
            "med": 70.6148125,
            "max": 3177.849544,
            "p(90)": 103.4364708,
            "p(95)": 125.58825174999986
        },
        "http_req_connecting": {
            "min": 0,
            "med": 0,
            "max": 71.609583,
            "p(90)": 0,
            "p(95)": 0,
            "avg": 1.1946525423728813
        },
        "http_req_receiving": {
            "max": 7.479417,
            "p(90)": 0.4063037,
            "p(95)": 0.6781623999999993,
            "avg": 0.34792727118644085,
            "min": 0,
            "med": 0.18527100000000002
        },
        "vus_max": {
            "value": 4,
            "min": 4,
            "max": 4
        },
        "iteration_duration": {
            "p(95)": 11009.00890045,
            "avg": 2148.8547205593222,
            "min": 1065.838251,
            "med": 1076.002521,
            "max": 11044.854047,
            "p(90)": 6230.077803099981
        },
        "checks{service_id:openfga}": {
            "passes": 0,
            "fails": 12,
            "thresholds": {
                "rate>0.99": true
            },
            "value": 0
        },
        "http_req_duration{service_id:openfga}": {
            "avg": 0,
            "min": 0,
            "med": 0,
            "max": 0,
            "p(90)": 0,
            "p(95)": 0,
            "thresholds": {
                "p(95)<=500": false
            }
        },
        "lv3_successful_requests": {
            "count": 24,
            "rate": 0.36298622870376424
        },
        "http_req_failed{service_id:keycloak}": {
            "passes": 82,
            "fails": 24,
            "thresholds": {
                "rate<=0.01": true
            },
            "value": 0.7735849056603774
        },
        "data_sent": {
            "count": 8619,
            "rate": 130.35742938323932
        },
        "http_req_blocked": {
            "p(95)": 0.003948199999999999,
            "avg": 4.92718572881356,
            "min": 0,
            "med": 0.0021875,
            "max": 290.658875,
            "p(90)": 0.0030248999999999996
        },
        "http_req_waiting": {
            "med": 69.8044585,
            "max": 3177.240043,
            "p(90)": 103.06140810000001,
            "p(95)": 125.11642499999986,
            "avg": 120.0679528813559,
            "min": 0
        },
        "http_req_tls_handshaking": {
            "p(95)": 0,
            "avg": 2.0766221694915257,
            "min": 0,
            "med": 0,
            "max": 124.1235,
            "p(90)": 0
        },
        "iterations": {
            "count": 118,
            "rate": 1.7846822911268407
        },
        "http_req_duration{expected_response:true}": {
            "p(95)": 2588.125542749994,
            "avg": 355.30403300000006,
            "min": 70.631375,
            "med": 103.707646,
            "max": 3177.849544,
            "p(90)": 155.4727331
        },
        "checks{service_id:keycloak}": {
            "passes": 24,
            "fails": 82,
            "thresholds": {
                "rate>0.99": true
            },
            "value": 0.22641509433962265
        },
        "http_req_duration{service_id:keycloak}": {
            "min": 64.177917,
            "med": 70.8295,
            "max": 3177.849544,
            "p(90)": 105.239646,
            "p(95)": 135.58342675,
            "avg": 134.6245958301887,
            "thresholds": {
                "p(95)<=500": false
            }
        },
        "http_reqs": {
            "count": 118,
            "rate": 1.7846822911268407
        },
        "lv3_failed_requests": {
            "count": 94,
            "rate": 1.4216960624230766
        },
        "data_received": {
            "count": 246851,
            "rate": 3733.479730906371
        },
        "http_req_failed{service_id:openfga}": {
            "passes": 12,
            "fails": 0,
            "thresholds": {
                "rate<=0.01": true
            },
            "value": 1
        },
        "http_req_failed": {
            "passes": 94,
            "fails": 24,
            "value": 0.7966101694915254
        },
        "http_req_sending": {
            "max": 9.782334,
            "p(90)": 0.7682828999999998,
            "p(95)": 1.3287517499999915,
            "avg": 0.518078813559322,
            "min": 0,
            "med": 0.178146
        }
    }
}
