{
    "root_group": {
        "checks": {
            "keycloak expected status": {
                "path": "::keycloak expected status",
                "id": "d17b7c4e1e8183ed6ca6932c881f393f",
                "passes": 1595,
                "fails": 9,
                "name": "keycloak expected status"
            },
            "openfga expected status": {
                "id": "78576fba45c6cc6aec72abfd9eec532b",
                "passes": 1290,
                "fails": 1,
                "name": "openfga expected status",
                "path": "::openfga expected status"
            }
        },
        "name": "",
        "path": "",
        "id": "d41d8cd98f00b204e9800998ecf8427e",
        "groups": {}
    },
    "metrics": {
        "iterations": {
            "count": 2895,
            "rate": 7.403591328783915
        },
        "vus_max": {
            "value": 9,
            "min": 9,
            "max": 9
        },
        "lv3_successful_requests": {
            "count": 2885,
            "rate": 7.3780176108951965
        },
        "http_req_sending": {
            "p(90)": 0.3831749999999999,
            "p(95)": 0.6995793999999987,
            "avg": 0.23824131951640787,
            "min": 0,
            "med": 0.105334,
            "max": 13.460875
        },
        "data_sent": {
            "count": 250977,
            "rate": 641.8414994556824
        },
        "http_req_failed": {
            "passes": 10,
            "fails": 2885,
            "value": 0.0034542314335060447
        },
        "iteration_duration": {
            "avg": 1084.504556149914,
            "min": 1065.902876,
            "med": 1075.970042,
            "max": 11015.582047,
            "p(90)": 1084.5564256,
            "p(95)": 1088.6509011
        },
        "http_reqs": {
            "count": 2895,
            "rate": 7.403591328783915
        },
        "http_req_connecting": {
            "avg": 0.23833832780656308,
            "min": 0,
            "med": 0,
            "max": 86.643542,
            "p(90)": 0,
            "p(95)": 0
        },
        "checks": {
            "passes": 2885,
            "fails": 10,
            "value": 0.9965457685664939
        },
        "http_req_duration{service_id:keycloak}": {
            "avg": 80.61299036471328,
            "min": 65.245916,
            "med": 73.4882295,
            "max": 10004.795797,
            "p(90)": 79.41543370000001,
            "p(95)": 81.80010439999998,
            "thresholds": {
                "p(95)<=500": false
            }
        },
        "http_req_blocked": {
            "p(95)": 0.03778749999999997,
            "avg": 0.44703182417962356,
            "min": 0,
            "med": 0.00275,
            "max": 315.909292,
            "p(90)": 0.0230836
        },
        "http_req_waiting": {
            "avg": 75.38871930880819,
            "min": 0,
            "med": 71.192125,
            "max": 10004.603672,
            "p(90)": 76.9376832,
            "p(95)": 79.67960819999999
        },
        "http_req_failed{service_id:keycloak}": {
            "passes": 9,
            "fails": 1595,
            "thresholds": {
                "rate<=0.01": false
            },
            "value": 0.005610972568578554
        },
        "http_req_duration": {
            "p(95)": 80.8361542,
            "avg": 76.0500841896372,
            "min": 0,
            "med": 71.744125,
            "max": 10004.795797,
            "p(90)": 78.00919160000001
        },
        "vus": {
            "value": 1,
            "min": 1,
            "max": 9
        },
        "lv3_failed_requests": {
            "count": 10,
            "rate": 0.025573717888718185
        },
        "http_req_receiving": {
            "p(95)": 1.2685457999999983,
            "avg": 0.4231235613126084,
            "min": 0,
            "med": 0.241375,
            "max": 28.276333,
            "p(90)": 0.6531164
        },
        "checks{service_id:openfga}": {
            "passes": 1290,
            "fails": 1,
            "thresholds": {
                "rate>0.99": false
            },
            "value": 0.9992254066615027
        },
        "http_req_duration{service_id:openfga}": {
            "min": 0,
            "med": 68.843209,
            "max": 311.8505,
            "p(90)": 74.8705,
            "p(95)": 77.641875,
            "avg": 70.3809118388847,
            "thresholds": {
                "p(95)<=500": false
            }
        },
        "data_received": {
            "count": 11653362,
            "rate": 29801.979224310875
        },
        "http_req_duration{expected_response:true}": {
            "p(90)": 78.00919160000001,
            "p(95)": 80.81805859999999,
            "avg": 72.65495908942792,
            "min": 65.324875,
            "med": 71.754,
            "max": 356.144959
        },
        "http_req_tls_handshaking": {
            "p(95)": 0,
            "avg": 0.13964313436960277,
            "min": 0,
            "med": 0,
            "max": 102.280833,
            "p(90)": 0
        },
        "http_req_failed{service_id:openfga}": {
            "fails": 1290,
            "passes": 1,
            "thresholds": {
                "rate<=0.01": false
            },
            "value": 0.000774593338497289
        },
        "checks{service_id:keycloak}": {
            "passes": 1595,
            "fails": 9,
            "thresholds": {
                "rate>0.99": false
            },
            "value": 0.9943890274314214
        }
    }
}
