{
    "root_group": {
        "name": "",
        "path": "",
        "id": "d41d8cd98f00b204e9800998ecf8427e",
        "groups": {},
        "checks": {
                "openfga expected status": {
                    "name": "openfga expected status",
                    "path": "::openfga expected status",
                    "id": "78576fba45c6cc6aec72abfd9eec532b",
                    "passes": 10,
                    "fails": 24
                },
                "keycloak expected status": {
                    "name": "keycloak expected status",
                    "path": "::keycloak expected status",
                    "id": "d17b7c4e1e8183ed6ca6932c881f393f",
                    "passes": 8,
                    "fails": 104
                }
            }
    },
    "metrics": {
        "http_req_blocked": {
            "med": 0.0015205000000000002,
            "max": 291.4005,
            "p(90)": 0.0070625,
            "p(95)": 0.023833,
            "avg": 5.0431029999999994,
            "min": 0
        },
        "http_req_sending": {
            "min": 0,
            "med": 0.121146,
            "max": 20.565375,
            "p(90)": 0.5063335,
            "p(95)": 5.898521499999999,
            "avg": 0.7842808424657536
        },
        "data_sent": {
            "count": 8897,
            "rate": 137.17554500120053
        },
        "iterations": {
            "count": 146,
            "rate": 2.251054239651037
        },
        "checks{service_id:keycloak}": {
            "passes": 8,
            "fails": 104,
            "thresholds": {
                "rate>0.99": true
            },
            "value": 0.07142857142857142
        },
        "http_req_duration{expected_response:true}": {
            "avg": 71.22805550000001,
            "min": 66.084958,
            "med": 67.96641650000001,
            "max": 85.637625,
            "p(90)": 82.8582831,
            "p(95)": 85.5641
        },
        "http_req_duration": {
            "max": 92.05075,
            "p(90)": 74.8260415,
            "p(95)": 78.45648975,
            "avg": 58.070033164383574,
            "min": 0,
            "med": 67.2056255
        },
        "http_req_connecting": {
            "avg": 1.8868336095890412,
            "min": 0,
            "med": 0,
            "max": 71.116416,
            "p(90)": 0,
            "p(95)": 0
        },
        "http_req_tls_handshaking": {
            "min": 0,
            "med": 0,
            "max": 115.499083,
            "p(90)": 0,
            "p(95)": 0,
            "avg": 1.5782822465753426
        },
        "lv3_successful_requests": {
            "rate": 0.27752723502547033,
            "count": 18
        },
        "http_req_failed": {
            "passes": 128,
            "fails": 18,
            "value": 0.8767123287671232
        },
        "http_req_receiving": {
            "max": 8.365166,
            "p(90)": 0.3847705,
            "p(95)": 0.84627075,
            "avg": 0.3657865136986301,
            "min": 0,
            "med": 0.1480835
        },
        "vus_max": {
            "value": 4,
            "min": 4,
            "max": 4
        },
        "http_req_duration{service_id:openfga}": {
            "avg": 20.910634794117648,
            "min": 0,
            "med": 0,
            "max": 85.637625,
            "p(90)": 68.3830126,
            "p(95)": 74.72337104999995,
            "thresholds": {
                "p(95)<=500": false
            }
        },
        "http_req_failed{service_id:openfga}": {
            "passes": 24,
            "fails": 10,
            "thresholds": {
                "rate<=0.01": true
            },
            "value": 0.7058823529411765
        },
        "lv3_failed_requests": {
            "rate": 1.9735270046255668,
            "count": 128
        },
        "http_req_failed{service_id:keycloak}": {
            "passes": 104,
            "fails": 8,
            "thresholds": {
                "rate<=0.01": true
            },
            "value": 0.9285714285714286
        },
        "vus": {
            "value": 1,
            "min": 1,
            "max": 4
        },
        "data_received": {
            "count": 151084,
            "rate": 2329.4402653660086
        },
        "checks": {
            "fails": 128,
            "passes": 18,
            "value": 0.1232876712328767
        },
        "http_req_waiting": {
            "avg": 56.919965808219175,
            "min": 0,
            "med": 66.86470800000001,
            "max": 82.606166,
            "p(90)": 71.7901245,
            "p(95)": 73.2118335
        },
        "http_reqs": {
            "count": 146,
            "rate": 2.251054239651037
        },
        "http_req_duration{service_id:keycloak}": {
            "p(95)": 78.45632745,
            "avg": 69.3505648125,
            "min": 64.679583,
            "med": 67.4286875,
            "max": 92.05075,
            "p(90)": 75.8483006,
            "thresholds": {
                "p(95)<=500": false
            }
        },
        "checks{service_id:openfga}": {
            "passes": 10,
            "fails": 24,
            "thresholds": {
                "rate>0.99": true
            },
            "value": 0.29411764705882354
        },
        "iteration_duration": {
            "p(90)": 1094.4183755,
            "p(95)": 11003.470338250001,
            "avg": 1699.3186502945214,
            "min": 1065.980958,
            "med": 1072.7614795,
            "max": 11012.800172
        }
    }
}
